source,title,company,location,skills,link
RemoteOK,Nurse Practitioner Physician Assistant,Ennoble Care,"Trenton, New Jersey","['assistant', 'consult', 'testing', 'mobile', 'operations', 'go', 'health', 'non tech']",https://remoteOK.com/remote-jobs/remote-nurse-practitioner-physician-assistant-ennoble-care-1130491
RemoteOK,Data Analyst II,ComputerCare,Remote,"['analyst', 'system', 'python', 'technical', 'support', 'excel']",https://remoteOK.com/remote-jobs/remote-data-analyst-ii-computercare-1130490
RemoteOK,Talent Acquisition Partner,vCluster Labs,Munich,"['consultant', 'architect', 'technical', 'support', 'developer', 'investor', 'strategy', 'analytics', 'health', 'recruiting', 'engineering', 'digital nomad']",https://remoteOK.com/remote-jobs/remote-talent-acquisition-partner-vcluster-labs-1130489
RemoteOK,Vice President of Engagement Transformation,Solera Health,Remote,"['architect', 'growth', 'leader', 'strategy', 'management', 'medical', 'health', 'executive']",https://remoteOK.com/remote-jobs/remote-vice-president-of-engagement-transformation-solera-health-1130487
RemoteOK,Director AI Engineering,Lantern,USA,"['director', 'content', 'engineering']",https://remoteOK.com/remote-jobs/remote-director-ai-engineering-lantern-1130486
RemoteOK,Full Stack Software Engineer II,Technergetics,Remote,"['software', 'hr', 'system', 'director', 'code', 'engineer']",https://remoteOK.com/remote-jobs/remote-full-stack-software-engineer-ii-technergetics-1130485
RemoteOK,Senior Product Manager Platform Life Sciences,SciLeads,Remote,"['manager', 'saas', 'support', 'leader', 'strategy', 'lead', 'senior', 'sales', 'non tech']",https://remoteOK.com/remote-jobs/remote-senior-product-manager-platform-life-sciences-scileads-1130484
RemoteOK,Customer Success Manager,GoodTime,Remote,"['manager', 'support', 'leader', 'recruiting', 'engineering']",https://remoteOK.com/remote-jobs/remote-customer-success-manager-goodtime-1130483
RemoteOK,Business Development Manager Vocational,Geotab,Remote,"['manager', 'leader', 'operations', 'analytics']",https://remoteOK.com/remote-jobs/remote-business-development-manager-vocational-geotab-1130482
RemoteOK,Legal Project & Operations Manager,Cohere Health,United States,"['manager', 'system', 'training', 'support', 'growth', 'financial', 'management', 'lead', 'operations', 'operational', 'legal', 'medical', 'healthcare']",https://remoteOK.com/remote-jobs/remote-legal-project-operations-manager-cohere-health-1130481
RemoteOK,Regional Account Executive,AMAROK,Oakland,"['security', 'leader', 'executive']",https://remoteOK.com/remote-jobs/remote-regional-account-executive-amarok-1130480
RemoteOK,Data Scientist,Solera Health,Remote,"['design', 'python', 'support', 'medical', 'health', 'engineering', 'digital nomad']",https://remoteOK.com/remote-jobs/remote-data-scientist-solera-health-1130479
RemoteOK,Software Engineer,Galileo Financial Technologies,Seattle,"['software', 'code', 'finance', 'financial', 'banking', 'excel', 'analytics', 'health', 'engineer', 'engineering']",https://remoteOK.com/remote-jobs/remote-software-engineer-galileo-financial-technologies-1130478
RemoteOK,,,Remote,[],https://remoteOK.com/remote-jobs/remote-1130477
RemoteOK,Senior Partnerships Manager Spain Italy,Parloa,Madrid,"['manager', 'growth', 'management', 'lead', 'senior', 'marketing', 'sales']",https://remoteOK.com/remote-jobs/remote-senior-partnerships-manager-spain-italy-parloa-1130475
RemoteOK,Senior People Operations Partner,Adyen,San Francisco,"['design', 'hr', 'system', 'technical', 'support', 'growth', 'management', 'lead', 'senior', 'operations', 'operational', 'analytics', 'digital nomad']",https://remoteOK.com/remote-jobs/remote-senior-people-operations-partner-adyen-1130474
RemoteOK,3D Designer,Exadel,"Brazil, Poland","['3d', 'design', 'designer', 'technical', 'support', 'marketing', 'engineering', 'digital nomad']",https://remoteOK.com/remote-jobs/remote-3d-designer-exadel-1130473
RemoteOK,Manager of Sales PerfectScale North America,DoiT,Remote,"['manager', 'growth', 'cloud', 'microsoft', 'management', 'sales', 'engineering']",https://remoteOK.com/remote-jobs/remote-manager-of-sales-perfectscale-north-america-doit-1130472
RemoteOK,Engineer,ScienceLogic,"Reston, VA","['developer', 'software', 'testing', 'test', 'cloud', 'senior', 'engineer', 'engineering', 'digital nomad']",https://remoteOK.com/remote-jobs/remote-engineer-sciencelogic-1130471
RemoteOK,Division Manager KY WV,Juul Labs,Remote,"['manager', 'growth', 'director', 'adult', 'leader', 'strategy', 'lead', 'operations', 'sales']",https://remoteOK.com/remote-jobs/remote-division-manager-ky-wv-juul-labs-1130470
RemoteOK,College Admissions Counselor,Empowerly,Remote,"['students', 'support', 'testing', 'scrum', 'financial', 'education', 'internship', 'part-time', 'non tech']",https://remoteOK.com/remote-jobs/remote-college-admissions-counselor-empowerly-1130469
RemoteOK,Corporate Paralegal,,Denver,"['security', 'support', 'finance', 'operations', 'operational', 'legal', 'non tech']",https://remoteOK.com/remote-jobs/remote-corporate-paralegal-1130468
RemoteOK,Partner Success Manager,MoonPay,Remote,"['manager', 'web3', 'crypto', 'system', 'training', 'technical', 'support', 'software', 'voice', 'financial', 'operations', 'operational', 'excel', 'health', 'healthcare']",https://remoteOK.com/remote-jobs/remote-partner-success-manager-moonpay-1130467
RemoteOK,Finance Officer,GOAL Uganda,Kampala,"['system', 'coordinator', 'support', 'financial', 'finance', 'strategy']",https://remoteOK.com/remote-jobs/remote-finance-officer-goal-uganda-1130466
RemoteOK,IT Officer,GOAL Uganda,Kabarole,"['system', 'security', 'travel', 'strategy']",https://remoteOK.com/remote-jobs/remote-it-officer-goal-uganda-1130465
RemoteOK,SAP WalkMe Development Senior Consultant,New Era Technology,India,"['consultant', 'consulting', 'senior']",https://remoteOK.com/remote-jobs/remote-sap-walkme-development-senior-consultant-new-era-technology-1130464
RemoteOK,Clinical Informaticist,MCG Health,Remote,"['technical', 'lead', 'content', 'medical', 'health', 'healthcare']",https://remoteOK.com/remote-jobs/remote-clinical-informaticist-mcg-health-1130463
RemoteOK,Administrative Business Partner,OpenAI,San Francisco,"['security', 'support', 'growth', 'travel', 'management', 'operations', 'operational', 'executive']",https://remoteOK.com/remote-jobs/remote-administrative-business-partner-openai-1130462
RemoteOK,Technical Product Manager,Lavendo,San Francisco,"['manager', 'system', 'technical', 'growth', 'voice', 'video', 'api', 'management', 'lead', 'engineering']",https://remoteOK.com/remote-jobs/remote-technical-product-manager-lavendo-1130461
RemoteOK,UI UX Designer for Career Services Company,Paired,Remote,"['ui', 'ux', 'design', 'founder', 'designer', 'technical', 'operations', 'operational', 'marketing', 'sales', 'go', 'recruiting', 'digital nomad']",https://remoteOK.com/remote-jobs/remote-ui-ux-designer-for-career-services-company-paired-1130460
RemoteOK,Engineering Manager,Sharebite,Remote,"['manager', 'design', 'technical', 'support', 'software', 'growth', 'management', 'lead', 'engineer', 'engineering', 'digital nomad']",https://remoteOK.com/remote-jobs/remote-engineering-manager-sharebite-1130459
RemoteOK,Software Engineer,Lumin Digital,Remote,"['software', 'technical', 'code', 'web', 'scrum', 'engineer', 'engineering']",https://remoteOK.com/remote-jobs/remote-software-engineer-lumin-digital-1130458
RemoteOK,Technical Architect AUS Company,Anypear,Remote,"['architect', 'design', 'consultant', 'technical', 'management', 'recruitment', 'digital nomad']",https://remoteOK.com/remote-jobs/remote-technical-architect-aus-company-anypear-1130457
RemoteOK,Senior Full Stack Software Developer,Judi Health,Remote,"['developer', 'software', 'design', 'system', 'full-stack', 'management', 'senior', 'medical', 'health', 'healthcare', 'digital nomad']",https://remoteOK.com/remote-jobs/remote-senior-full-stack-software-developer-judi-health-1130456
RemoteOK,Senior Engineering Manager Cloud Enablement,Temporal Technologies,United States,"['manager', 'system', 'technical', 'developer', 'software', 'code', 'cloud', 'lead', 'senior', 'engineering', 'digital nomad']",https://remoteOK.com/remote-jobs/remote-senior-engineering-manager-cloud-enablement-temporal-technologies-1130455
RemoteOK,Social Media Lead,OpenSea,New York CIty,"['crypto', 'copywriter', 'strategy', 'lead', 'content', 'analytics', 'health', 'full-time', 'non tech']",https://remoteOK.com/remote-jobs/remote-social-media-lead-opensea-1130454
RemoteOK,SaaS Configuration Analyst,Coderio,Remote,"['saas', 'analyst', 'system', 'technical', 'support', 'software', 'test', 'growth', 'lead', 'junior', 'engineering']",https://remoteOK.com/remote-jobs/remote-saas-configuration-analyst-coderio-1130452
RemoteOK,Sales Systems Engineer,Veeam Software,"San Jose, CA, USA","['dev', 'technical', 'leader', 'sales', 'go', 'engineer', 'digital nomad']",https://remoteOK.com/remote-jobs/remote-sales-systems-engineer-veeam-software-1130451
RemoteOK,,,Remote,[],https://remoteOK.com/remote-jobs/remote-1130450
RemoteOK,Manager Paid Search,WPP Media,DÃ¼sseldorf,"['manager', 'health', 'non tech']",https://remoteOK.com/remote-jobs/remote-manager-paid-search-wpp-media-1130449
RemoteOK,Engineering Manager ML Platform and Infrastructure,Applied Intuition,Sunnyvale,"['manager', 'lead', 'engineering']",https://remoteOK.com/remote-jobs/remote-engineering-manager-ml-platform-and-infrastructure-applied-intuition-1130448
RemoteOK,Sr Director Data Engineering & Analytics,Arcadia,United States,"['director', 'leader', 'management', 'lead', 'analytics', 'engineering', 'educational']",https://remoteOK.com/remote-jobs/remote-sr-director-data-engineering-analytics-arcadia-1130447
RemoteOK,CX Specialist,Too Good To Go,Toronto,"['golang', 'health', 'educational', 'non tech']",https://remoteOK.com/remote-jobs/remote-cx-specialist-too-good-to-go-1130446
RemoteOK,Real Estate Investor â Expert AI Trainer,Mentis AI,Remote,"['trainer', 'training', 'financial', 'investment', 'investor', 'finance', 'analytics', 'non tech']",https://remoteOK.com/remote-jobs/remote-real-estate-investor-expert-ai-trainer-mentis-ai-1130445
RemoteOK,C++ Developer,Magic Media,Remote,"['developer', 'python', 'vfx', 'training', 'game', 'technical', 'support', 'programmer', 'software', 'growth', 'video', 'c++', 'content', 'go', 'engineering', 'full-time', 'digital nomad']",https://remoteOK.com/remote-jobs/remote-c-developer-magic-media-1130444
RemoteOK,Technical Lead DevOps,Nearform,Italy,"['technical', 'devops', 'lead', 'senior', 'engineering']",https://remoteOK.com/remote-jobs/remote-technical-lead-devops-nearform-1130443
RemoteOK,Data & Market Insights Associate,Elemental Terra,Remote,"['other', 'crypto', 'finance', 'web3', 'bitcoin', 'education', 'blockchain', 'defi']",https://remoteOK.com/remote-jobs/remote-data-market-insights-associate-elemental-terra-1130442
RemoteOK,Marketing Operations Manager,"Chartbeat, Inc.",Remote,"['manager', 'strategy', 'lead', 'operations', 'marketing', 'analytics', 'non tech']",https://remoteOK.com/remote-jobs/remote-marketing-operations-manager-chartbeat-inc-1130441
RemoteOK,2D Game Design Intern,Playpower Labs,Remote,"['design', 'game', 'ui', 'animation', 'content', 'educational', 'internship', 'digital nomad']",https://remoteOK.com/remote-jobs/remote-2d-game-design-intern-playpower-labs-1130440
RemoteOK,Senior Security Engineer,You.com,San Francisco,"['security', 'software', 'senior', 'engineer', 'engineering']",https://remoteOK.com/remote-jobs/remote-senior-security-engineer-you-com-1130439
RemoteOK,QA Engineer,Mex Digital FZE ,Dubai,"['cryptocurrency', 'technical', 'developer', 'testing', 'test', 'growth', 'qa', 'financial', 'fintech', 'api', 'reliability', 'engineer', 'digital nomad']",https://remoteOK.com/remote-jobs/remote-qa-engineer-mex-digital-fze-1130438
RemoteOK,Mobile Growth Manager Performance Marketing + UA,Phiture GmbH,Spain,"['growth', 'manager', 'consultancy', 'test', 'mobile', 'marketing', 'analytics']",https://remoteOK.com/remote-jobs/remote-mobile-growth-manager-performance-marketing-ua-phiture-gmbh-1130437
RemoteOK,DevOps Engineer,InfStones,Texas,"['amazon', 'web3', 'system', 'security', 'support', 'software', 'testing', 'test', 'code', 'qa', 'devops', 'serverless', 'cloud', 'git', 'node', 'administrator', 'management', 'reliability', 'engineer', 'linux', 'full-time']",https://remoteOK.com/remote-jobs/remote-devops-engineer-infstones-1130436
RemoteOK,Job 27573 Mid Data Developer Brasil,CI&amp;T,Brazil,"['developer', 'cloud', 'digital nomad']",https://remoteOK.com/remote-jobs/remote-job-27573-mid-data-developer-brasil-ciampt-1130435
RemoteOK,Job 27611 MidSenior Data Developer Brasil,CI&amp;T,Brazil,"['developer', 'design', 'unity', 'digital nomad']",https://remoteOK.com/remote-jobs/remote-job-27611-midsenior-data-developer-brasil-ciampt-1130434
RemoteOK,Job 27602 Mid level Developer NodeJS Brazil,CI&amp;T,Brazil,"['developer', 'javascript', 'nodejs', 'cloud', 'api', 'digital nomad']",https://remoteOK.com/remote-jobs/remote-job-27602-mid-level-developer-nodejs-brazil-ciampt-1130433
RemoteOK,SpÃ©cialiste en acquisition de talents Pipeline & Sourcing,Workleap,Canada,"['microsoft', 'leader']",https://remoteOK.com/remote-jobs/remote-specialiste-en-acquisition-de-talents-pipeline-sourcing-workleap-1130432
RemoteOK,Social Commerce Strategist,Power Digital,Canada,"['consulting', 'strategist', 'growth', 'investment', 'content', 'marketing']",https://remoteOK.com/remote-jobs/remote-social-commerce-strategist-power-digital-1130431
RemoteOK,Mid Level DevOps Engineer CI CD Optimization,Ubiminds,Remote,"['design', 'hr', 'system', 'security', 'docker', 'recruiter', 'support', 'developer', 'software', 'growth', 'code', 'devops', 'management', 'reliability', 'engineer', 'engineering', 'full-time', 'digital nomad']",https://remoteOK.com/remote-jobs/remote-mid-level-devops-engineer-ci-cd-optimization-ubiminds-1130430
RemoteOK,Director Asset Protection NAM Retail,ARC&#39;TERYX,"North Vancouver, BC (Corporate)","['director', 'security', 'training', 'support', 'growth', 'financial', 'investment', 'leader', 'lead', 'operations', 'health', 'ecommerce']",https://remoteOK.com/remote-jobs/remote-director-asset-protection-nam-retail-arc39teryx-1130429
RemoteOK,HR Project Coordinator,Xsolla,Serbia,"['hr', 'game', 'coordinator', 'support', 'financial', 'video', 'operational', 'recruitment', 'non tech']",https://remoteOK.com/remote-jobs/remote-hr-project-coordinator-xsolla-1130428
RemoteOK,Senior Account Executive Western Europe,,Germany,"['saas', 'game', 'finance', 'senior', 'sales', 'executive']",https://remoteOK.com/remote-jobs/remote-senior-account-executive-western-europe-1130427
RemoteOK,Engineering Manager Delivery,Mechanical Orchard,United Kingdom (Remote),"['manager', 'system', 'technical', 'support', 'software', 'growth', 'travel', 'operational', 'engineer', 'engineering']",https://remoteOK.com/remote-jobs/remote-engineering-manager-delivery-mechanical-orchard-1130426
RemoteOK,Senior Marketing Science Strategist,Power Digital,Brazil,"['consulting', 'strategist', 'testing', 'growth', 'investment', 'content', 'senior', 'marketing']",https://remoteOK.com/remote-jobs/remote-senior-marketing-science-strategist-power-digital-1130425
RemoteOK,Director Global Consulting & System Integrator Partnerships,Ada,Remote,"['system', 'consulting', 'director', 'growth', 'management', 'lead']",https://remoteOK.com/remote-jobs/remote-director-global-consulting-system-integrator-partnerships-ada-1130424
RemoteOK,Security Specialist,Workwize,Remote,"['security', 'saas']",https://remoteOK.com/remote-jobs/remote-security-specialist-workwize-1130423
RemoteOK,Backend Engineer,dv01,Remote,"['saas', 'financial', 'investment', 'api', 'analytics', 'engineer', 'backend']",https://remoteOK.com/remote-jobs/remote-backend-engineer-dv01-1130422
RemoteOK,QA Document Control Specialist,Apogee Therapeutics,Remote,"['qa', 'engineering']",https://remoteOK.com/remote-jobs/remote-qa-document-control-specialist-apogee-therapeutics-1130421
RemoteOK,Workday Enterprise Project Manager,CompassX Group,PST timezone,"['manager', 'hr', 'system', 'consulting', 'technical', 'testing', 'financial', 'strategy', 'management', 'lead', 'executive']",https://remoteOK.com/remote-jobs/remote-workday-enterprise-project-manager-compassx-group-1130420
RemoteOK,Coupa Pay Customer Success Manager 11184,"Coupa Software, Inc.","Los Angeles, California, United States","['manager', 'consulting', 'technical', 'software', 'growth', 'financial', 'investment', 'finance', 'bank', 'strategy', 'management', 'lead', 'sales', 'recruitment']",https://remoteOK.com/remote-jobs/remote-coupa-pay-customer-success-manager-11184-coupa-software-inc-1130419
RemoteOK,Research Data Scientist,Swayable,Remote,"['python', 'growth', 'director', 'strategy', 'content', 'executive']",https://remoteOK.com/remote-jobs/remote-research-data-scientist-swayable-1130418
RemoteOK,Project Coordinator,Caylent,BRAZIL,"['amazon', 'security', 'technical', 'coordinator', 'web', 'scrum', 'cloud', 'management', 'senior', 'engineering', 'recruitment']",https://remoteOK.com/remote-jobs/remote-project-coordinator-caylent-1130417
RemoteOK,Regional Account Executive,Oasis Security,Remote,"['infosec', 'system', 'security', 'management', 'sales', 'executive']",https://remoteOK.com/remote-jobs/remote-regional-account-executive-oasis-security-1130416
RemoteOK,Senior Software Engineer Data Observability,DataHub,Palo Alto,"['software', 'design', 'saas', 'system', 'architect', 'technical', 'cloud', 'lead', 'senior', 'operational', 'reliability', 'engineer', 'engineering', 'digital nomad']",https://remoteOK.com/remote-jobs/remote-senior-software-engineer-data-observability-datahub-1130415
RemoteOK,US Client Accounting Advisor,Cloud Accountant Staffing,Remote,"['accounting', 'training', 'support', 'bookkeeping', 'financial', 'cloud', 'microsoft', 'operational', 'full-time', 'part-time']",https://remoteOK.com/remote-jobs/remote-us-client-accounting-advisor-cloud-accountant-staffing-1130414
RemoteOK,Marketing Specialist,Vitable Health,Remote,"['content', 'operational', 'marketing', 'sales', 'medical', 'health', 'healthcare', 'non tech']",https://remoteOK.com/remote-jobs/remote-marketing-specialist-vitable-health-1130413
RemoteOK,Enterprise Customer Success Manager,ZipRecruiter,Remote,"['manager', 'ios', 'support', 'mobile', 'strategy', 'sales', 'recruiting', 'recruitment', 'non tech']",https://remoteOK.com/remote-jobs/remote-enterprise-customer-success-manager-ziprecruiter-1130412
RemoteOK,Portfolio Manager,Engineers Gate,Remote,"['manager', 'support', 'test', 'code', 'financial', 'investment', 'strategy', 'operational', 'engineering']",https://remoteOK.com/remote-jobs/remote-portfolio-manager-engineers-gate-1130411
RemoteOK,Associate Strategy Analyst,Blytheco,Remote U.S.A.,"['analyst', 'ceo', 'software', 'leader', 'strategy']",https://remoteOK.com/remote-jobs/remote-associate-strategy-analyst-blytheco-1130410
RemoteOK,Business Development Representative,CrowdRiff,Remote,"['saas', 'teach', 'consult', 'support', 'software', 'travel', 'marketing', 'sales', 'recruitment']",https://remoteOK.com/remote-jobs/remote-business-development-representative-crowdriff-1130409
RemoteOK,Senior Technical Consultant Charles River Everywhere,FormativGroup,Remote,"['consultant', 'system', 'technical', 'support', 'management', 'senior', 'operations', 'operational']",https://remoteOK.com/remote-jobs/remote-senior-technical-consultant-charles-river-everywhere-formativgroup-1130408
RemoteOK,Talent Acquisition Specialist Early Pipeline & Sourcing,Workleap,Canada,"['hr', 'microsoft', 'recruitment']",https://remoteOK.com/remote-jobs/remote-talent-acquisition-specialist-early-pipeline-sourcing-workleap-1130407
RemoteOK,Sales Development Representative,Unlimit,Remote,"['crypto', 'support', 'financial', 'fintech', 'sales', 'go', 'recruiting']",https://remoteOK.com/remote-jobs/remote-sales-development-representative-unlimit-1130406
RemoteOK,KIP Summer 2026 Research Assistant Finance Insurance &amp; Trade Policy R Street Institute,Stand Together,"Washington, DC","['assistant', 'training', 'support', 'financial', 'finance', 'excel', 'internship', 'full-time', 'part-time', 'non tech']",https://remoteOK.com/remote-jobs/remote-kip-summer-2026-research-assistant-finance-insurance-amp-trade-policy-r-street-institute-stand-together-1130405
RemoteOK,Senior Content Program Strategist,Pulley,Remote,"['system', 'strategist', 'management', 'content', 'senior', 'marketing']",https://remoteOK.com/remote-jobs/remote-senior-content-program-strategist-pulley-1130404
RemoteOK,Software Engineer,itD Tech,Arizona,"['software', 'design', 'python', 'training', 'support', 'engineer', 'digital nomad']",https://remoteOK.com/remote-jobs/remote-software-engineer-itd-tech-1130403
RemoteOK,Senior Manager Digital Strategy,Monks,Remote,"['manager', 'strategy', 'senior']",https://remoteOK.com/remote-jobs/remote-senior-manager-digital-strategy-monks-1130402
RemoteOK,Payroll Specialist Lead Germany,Remote - Referral Board,Remote,"['payroll', 'hr', 'software', 'management', 'lead', 'operations', 'excel']",https://remoteOK.com/remote-jobs/remote-payroll-specialist-lead-germany-remote-referral-board-1130401
RemoteOK,Data Entry Clerk,Sensor Tower,Seoul,"['manager', 'video', 'bank', 'operations', 'excel', 'recruitment', 'non tech']",https://remoteOK.com/remote-jobs/remote-data-entry-clerk-sensor-tower-1130400
RemoteOK,Product & Application Security Engineer,Veeam Software,United States,"['security', 'dev', 'leader', 'senior', 'go', 'engineer', 'digital nomad']",https://remoteOK.com/remote-jobs/remote-product-application-security-engineer-veeam-software-1130399
RemoteOK,Personality & Behavior Tutor,xAI,"Palo Alto, CA","['tutor', 'training', 'technical', 'support', 'software', 'excel', 'engineering']",https://remoteOK.com/remote-jobs/remote-personality-behavior-tutor-xai-1130398
RemoteOK,Senior Data Engineer,Exadel,"Brazil, Bulgaria, Colombia, Georgia, Lithuania, Poland, Romania","['jira', 'salesforce', 'code', 'web', 'education', 'mobile', 'management', 'senior', 'operations', 'analytics', 'health', 'engineer', 'engineering']",https://remoteOK.com/remote-jobs/remote-senior-data-engineer-exadel-1130396
RemoteOK,Automation Sales Manager,Formic,"San Francisco || Sacramento, CA","['manager', 'support', 'growth', 'operational', 'sales', 'engineering']",https://remoteOK.com/remote-jobs/remote-automation-sales-manager-formic-1130395
RemoteOK,Bilingual Legal Assistant,Distro,Buenos Aires,"['assistant', 'legal', 'non tech']",https://remoteOK.com/remote-jobs/remote-bilingual-legal-assistant-distro-1130394
RemoteOK,Robotics Field Service Engineer,Formic,"Boston, MA","['technical', 'support', 'robotics', 'operations', 'operational', 'engineer', 'engineering']",https://remoteOK.com/remote-jobs/remote-robotics-field-service-engineer-formic-1130393
RemoteOK,Senior Lead Product Designer Operations,Monzo,Cardiff London or  UK,"['design', 'designer', 'financial', 'education', 'bank', 'lead', 'senior', 'operations', 'engineering', 'digital nomad']",https://remoteOK.com/remote-jobs/remote-senior-lead-product-designer-operations-monzo-1130392
RemoteOK,Data Analyst,Valtech,Brazil,"['analyst', 'growth']",https://remoteOK.com/remote-jobs/remote-data-analyst-valtech-1130391
RemoteOK,QA Engineer,Mex Digital FZE ,Dubai,"['cryptocurrency', 'technical', 'developer', 'testing', 'test', 'growth', 'qa', 'financial', 'fintech', 'api', 'reliability', 'engineer', 'digital nomad']",https://remoteOK.com/remote-jobs/remote-qa-engineer-mex-digital-fze-1130390
RemoteOK,Specialist Business Development and Projects,Stranger Soccer,Remote,"['support', 'travel', 'mobile', 'sales', 'executive']",https://remoteOK.com/remote-jobs/remote-specialist-business-development-and-projects-stranger-soccer-1130389
RemoteOK,Field Marketing Manager,Cogent Security,All,"['infosec', 'manager', 'security', 'exec', 'leader', 'strategy', 'management', 'marketing', 'sales', 'executive']",https://remoteOK.com/remote-jobs/remote-field-marketing-manager-cogent-security-1130388
WeWorkRemotely,Webflow: Enterprise Account Executive - West,Unknown,Remote,[],https://weworkremotely.com/remote-jobs/webflow-enterprise-account-executive-west
WeWorkRemotely,Dealer eProcess: Regional Sales Executive (Account Manager),Unknown,Remote,[],https://weworkremotely.com/remote-jobs/dealer-eprocess-regional-sales-executive-account-manager-1
WeWorkRemotely,NuTechs: FPGA Development Engineer,Unknown,Remote,[],https://weworkremotely.com/remote-jobs/nutechs-fpga-development-engineer
WeWorkRemotely,ALIQAN Technologies: Commerce Tools + Node JS + Cloud,Unknown,Remote,[],https://weworkremotely.com/remote-jobs/aliqan-technologies-commerce-tools-node-js-cloud
WeWorkRemotely,Eran Group: Senior Back-End Web Developer,Unknown,Remote,[],https://weworkremotely.com/remote-jobs/eran-group-senior-back-end-web-developer
WeWorkRemotely,Storetasker: Senior Shopify Developer (Remote + Flexible),Unknown,Remote,[],https://weworkremotely.com/remote-jobs/storetasker-senior-shopify-developer-remote-flexible-3
WeWorkRemotely,"ServiceTitan: Manager, Web Development",Unknown,Remote,[],https://weworkremotely.com/remote-jobs/servicetitan-manager-web-development
WeWorkRemotely,Codekeeper: Full Stack Developer (Javascript),Unknown,Remote,[],https://weworkremotely.com/remote-jobs/codekeeper-full-stack-developer-javascript
WeWorkRemotely,Anexia Internetdienstleistungs: Ai/Ml Engineer – LLM Systems (M/W/D),Unknown,Remote,[],https://weworkremotely.com/remote-jobs/anexia-internetdienstleistungs-ai-ml-engineer-llm-systems-m-w-d
WeWorkRemotely,Anexia Internetdienstleistungs: Data Engineer (M/W/D),Unknown,Remote,[],https://weworkremotely.com/remote-jobs/anexia-internetdienstleistungs-data-engineer-m-w-d
WeWorkRemotely,JetBrains: JetBrains Web Developer Advocate (Developer Advocacy),Unknown,Remote,[],https://weworkremotely.com/remote-jobs/jetbrains-jetbrains-web-developer-advocate-developer-advocacy
WeWorkRemotely,WALTER: Senior Software Engineer,Unknown,Remote,[],https://weworkremotely.com/remote-jobs/walter-senior-software-engineer
WeWorkRemotely,Madeo: Web Developer (Contract),Unknown,Remote,[],https://weworkremotely.com/remote-jobs/madeo-web-developer-contract
WeWorkRemotely,SlideSpeak: AI Software Engineer,Unknown,Remote,[],https://weworkremotely.com/remote-jobs/slidespeak-ai-software-engineer
WeWorkRemotely,Mindrift: Freelance Senior Python Developer / Functional Test Frameworks,Unknown,Remote,[],https://weworkremotely.com/remote-jobs/mindrift-freelance-senior-python-developer-functional-test-frameworks
WeWorkRemotely,"Clerk: Senior Software Engineer, Growth",Unknown,Remote,[],https://weworkremotely.com/remote-jobs/clerk-senior-software-engineer-growth
WeWorkRemotely,Hex Technologies: Web Designer,Unknown,Remote,[],https://weworkremotely.com/remote-jobs/hex-technologies-web-designer
WeWorkRemotely,Activate Talent: Head of Web Dev,Unknown,Remote,[],https://weworkremotely.com/remote-jobs/activate-talent-head-of-web-dev
WeWorkRemotely,Jobgether: Marketing Web Developer,Unknown,Remote,[],https://weworkremotely.com/remote-jobs/jobgether-marketing-web-developer
WeWorkRemotely,QinetiQ US: Full Stack Developer,Unknown,Remote,[],https://weworkremotely.com/remote-jobs/qinetiq-us-full-stack-developer
WeWorkRemotely,WeVote: Product Marketing Lead,Unknown,Remote,[],https://weworkremotely.com/remote-jobs/wevote-product-marketing-lead
WeWorkRemotely,ONeil Interactive: Optimization Specialist,Unknown,Remote,[],https://weworkremotely.com/remote-jobs/oneil-interactive-optimization-specialist
WeWorkRemotely,Details: Senior Web Application Developer,Unknown,Remote,[],https://weworkremotely.com/remote-jobs/details-senior-web-application-developer
WeWorkRemotely,"comparis.ch: Experienced Full-Stack Software Engineer (.NET/React), 80–100% (f/m/x), fully remote",Unknown,Remote,[],https://weworkremotely.com/remote-jobs/comparis-ch-experienced-full-stack-software-engineer-net-react-80-100-f-m-x-fully-remote
WeWorkRemotely,OnTheGoSystems: Senior Ruby on Rails Developer,Unknown,Remote,[],https://weworkremotely.com/remote-jobs/onthegosystems-senior-ruby-on-rails-developer
HackerNews,Padlet (YC W13) Is Hiring in San Francisco and Singapore,Unknown,Unknown,[],https://padlet.jobs
HackerNews,Legion Health (YC) Is Hiring Cracked SWEs for Autonomous Mental Health,Unknown,Unknown,[],https://jobs.ashbyhq.com/legionhealth/ffdd2b52-eb21-489e-b124-3c0804231424
HackerNews,9 Mothers (YC X26) Is Hiring,Unknown,Unknown,[],https://jobs.ashbyhq.com/9-mothers?utm_source=x8pZ4B3P3Q
HackerNews,"Hyperbound (YC S23, Series A) needs a Engineer with something to prove",Unknown,Unknown,[],https://www.ycombinator.com/companies/hyperbound/jobs/UCvdGiu-a-full-stack-engineer-with-something-to-prove
HackerNews,Metriport (YC S22) is hiring a security engineer to harden healthcare infra,Unknown,Unknown,[],https://www.ycombinator.com/companies/metriport/jobs/XC2AF8s-senior-security-engineer
HackerNews,Activeloop (YC S18) Is Hiring Back End Engineer (Go),Unknown,Unknown,[],https://app.dover.com/apply/Activeloop/72d0b3a7-7e86-46a8-9aff-b430ffe0b97f
HackerNews,"Weave (YC W25) Is Hiring ML, Design, and Product Engineers",Unknown,Unknown,[],https://jobs.ashbyhq.com/workweave
HackerNews,Flexport Is Hiring Engineers in Amsterdam,Unknown,Unknown,[],https://flexport.com/careers
HackerNews,"Zep AI (Building the Context Graph, YC W24) Is Hiring Engineers",Unknown,Unknown,[],https://www.ycombinator.com/companies/zep-ai/jobs
HackerNews,Stardex (YC S21) Is Hiring,Unknown,Unknown,[],https://www.ycombinator.com/companies/stardex/jobs/lag1C1P-customer-success-engineer-ai-data-migration
HackerNews,Structured AI (YC F25) Is Hiring,Unknown,Unknown,[],https://www.ycombinator.com/companies/structured-ai/jobs/q3cx77y-gtm-intern
HackerNews,Trata (YC W25) Is Hiring Founding Engineers (NYC),Unknown,Unknown,[],https://news.ycombinator.com/item?id=47049744
HackerNews,Turing Labs (YC W20) Is Hiring – Founding GTM Sales Hacker,Unknown,Unknown,[],https://news.ycombinator.com/item?id=47040268
HackerNews,Cogram (YC W22) – Hiring former technical founders,Unknown,Unknown,[],https://www.ycombinator.com/companies/cogram/jobs/LDTrViN-ex-technical-founder-product-engineer
HackerNews,GovDash (YC W22) Is Hiring Senior Engineers (Product and Search) in NYC,Unknown,Unknown,[],https://www.workatastartup.com/companies/govdash
HackerNews,Asimov (YC W26) Is Hiring Remote/Worldwide,Unknown,Unknown,[],https://news.ycombinator.com/item?id=46999753
HackerNews,CoLoop (YC S21) Is Hiring Ex Technical Founders in London,Unknown,Unknown,[],https://www.workatastartup.com/jobs/90016
HackerNews,Toma (YC W24) Is Hiring Founding Engineers,Unknown,Unknown,[],https://www.ycombinator.com/companies/toma/jobs/oONUnCf-founding-engineer-ai-products
HackerNews,"Maihem (YC W24): hiring senior robotics perception engineer (London, on-site)",Unknown,Unknown,[],https://jobs.ashbyhq.com/maihem/8da3fa8b-5544-45de-a99e-888021519758
HackerNews,"Freshpaint (YC S19) Is Hiring a Senior SWE, Data",Unknown,Unknown,[],https://www.freshpaint.io/about?ashby_jid=3a7926ba-cf51-4084-9196-4361a7e97761
HackerNews,"Converge (YC S23) Is Hiring Product Engineers (NYC, In-Person)",Unknown,Unknown,[],https://www.runconverge.com/careers/product-engineer
HackerNews,Emerge Career (YC S22) is hiring a product designer,Unknown,Unknown,[],https://www.ycombinator.com/companies/emerge-career/jobs/omqT34S-founding-product-designer
HackerNews,Clearspace (YC W23) Is Hiring an Applied Researcher (ML),Unknown,Unknown,[],https://www.ycombinator.com/companies/clearspace/jobs/GOWiDwp-research-engineer-at-clearspace
HackerNews,CollectWise (YC F24) Is Hiring,Unknown,Unknown,[],https://www.ycombinator.com/companies/collectwise/jobs/ZunnO6k-ai-agent-engineer
HackerNews,Insane Growth Goldbridge (YC F25) Is Hiring a Forward Deployed Engineer,Unknown,Unknown,[],https://www.ycombinator.com/companies/goldbridge/jobs/78gGEHh-forward-deployed-engineer
HackerNews,"Pangolin (YC S25) is hiring software engineers (open-source, full-stack)",Unknown,Unknown,[],https://docs.pangolin.net/careers/join-us
HackerNews,BoldVoice (YC S21) Is Hiring Fullstack and Machine Learning Engineers,Unknown,Unknown,[],https://boldvoice.notion.site/careers-page?p=2e871a9bf729806c81f6e47f32e32622&pm=s
HackerNews,Photoroom (YC S20) Is Hiring a Head of Cross-Platform (Rust) in Paris,Unknown,Unknown,[],https://jobs.ashbyhq.com/photoroom/dc994a7c-e104-46e1-81c3-b88d635398b9
HackerNews,Reflex (YC W23) Senior Software Engineer Infra,Unknown,Unknown,[],https://www.ycombinator.com/companies/reflex/jobs/Jcwrz7A-lead-software-engineer-infra
HackerNews,Questom (YC F25) is hiring an engineer,Unknown,Unknown,[],https://www.ycombinator.com/companies/questom/jobs/UBebsyO-founding-engineer
