source,title,company,location,skills,link,skills_extracted,scraped_at
remoteok,finance officer,goal uganda,kampala,"['system', 'coordinator', 'support', 'financial', 'finance', 'strategy']",https://remoteOK.com/remote-jobs/remote-finance-officer-goal-uganda-1130466,"['coordinator', 'finance', 'financial', 'strategy', 'support', 'system']",
remoteok,it officer,goal uganda,kabarole,"['system', 'security', 'travel', 'strategy']",https://remoteOK.com/remote-jobs/remote-it-officer-goal-uganda-1130465,"['security', 'strategy', 'system', 'travel']",
remoteok,sap walkme development senior consultant,new era technology,india,"['consultant', 'consulting', 'senior']",https://remoteOK.com/remote-jobs/remote-sap-walkme-development-senior-consultant-new-era-technology-1130464,"['consultant', 'consulting', 'senior']",
remoteok,clinical informaticist,mcg health,remote,"['technical', 'lead', 'content', 'medical', 'health', 'healthcare']",https://remoteOK.com/remote-jobs/remote-clinical-informaticist-mcg-health-1130463,"['content', 'health', 'healthcare', 'lead', 'medical', 'technical']",
remoteok,administrative business partner,openai,san francisco,"['security', 'support', 'growth', 'travel', 'management', 'operations', 'operational', 'executive']",https://remoteOK.com/remote-jobs/remote-administrative-business-partner-openai-1130462,"['executive', 'growth', 'management', 'operational', 'operations', 'security', 'support', 'travel']",
remoteok,technical product manager,lavendo,san francisco,"['manager', 'system', 'technical', 'growth', 'voice', 'video', 'api', 'management', 'lead', 'engineering']",https://remoteOK.com/remote-jobs/remote-technical-product-manager-lavendo-1130461,"['api', 'engineering', 'growth', 'lead', 'management', 'manager', 'system', 'technical', 'video', 'voice']",
remoteok,ui ux designer for career services company,paired,remote,"['ui', 'ux', 'design', 'founder', 'designer', 'technical', 'operations', 'operational', 'marketing', 'sales', 'go', 'recruiting', 'digital nomad']",https://remoteOK.com/remote-jobs/remote-ui-ux-designer-for-career-services-company-paired-1130460,"['design', 'designer', 'digital nomad', 'founder', 'go', 'marketing', 'operational', 'operations', 'recruiting', 'sales', 'technical', 'ui', 'ux']",
remoteok,engineering manager,sharebite,remote,"['manager', 'design', 'technical', 'support', 'software', 'growth', 'management', 'lead', 'engineer', 'engineering', 'digital nomad']",https://remoteOK.com/remote-jobs/remote-engineering-manager-sharebite-1130459,"['design', 'digital nomad', 'engineer', 'engineering', 'growth', 'lead', 'management', 'manager', 'software', 'support', 'technical']",
remoteok,software engineer,lumin digital,remote,"['software', 'technical', 'code', 'web', 'scrum', 'engineer', 'engineering']",https://remoteOK.com/remote-jobs/remote-software-engineer-lumin-digital-1130458,"['code', 'engineer', 'engineering', 'scrum', 'software', 'technical', 'web']",
remoteok,technical architect aus company,anypear,remote,"['architect', 'design', 'consultant', 'technical', 'management', 'recruitment', 'digital nomad']",https://remoteOK.com/remote-jobs/remote-technical-architect-aus-company-anypear-1130457,"['architect', 'consultant', 'design', 'digital nomad', 'management', 'recruitment', 'technical']",
remoteok,senior full stack software developer,judi health,remote,"['developer', 'software', 'design', 'system', 'full-stack', 'management', 'senior', 'medical', 'health', 'healthcare', 'digital nomad']",https://remoteOK.com/remote-jobs/remote-senior-full-stack-software-developer-judi-health-1130456,"['design', 'developer', 'digital nomad', 'full-stack', 'health', 'healthcare', 'management', 'medical', 'senior', 'software', 'system']",
remoteok,senior engineering manager cloud enablement,temporal technologies,united states,"['manager', 'system', 'technical', 'developer', 'software', 'code', 'cloud', 'lead', 'senior', 'engineering', 'digital nomad']",https://remoteOK.com/remote-jobs/remote-senior-engineering-manager-cloud-enablement-temporal-technologies-1130455,"['cloud', 'code', 'developer', 'digital nomad', 'engineering', 'lead', 'manager', 'senior', 'software', 'system', 'technical']",
remoteok,social media lead,opensea,new york city,"['crypto', 'copywriter', 'strategy', 'lead', 'content', 'analytics', 'health', 'full-time', 'non tech']",https://remoteOK.com/remote-jobs/remote-social-media-lead-opensea-1130454,"['analytics', 'content', 'copywriter', 'crypto', 'full-time', 'health', 'lead', 'non tech', 'strategy']",
remoteok,saas configuration analyst,coderio,remote,"['saas', 'analyst', 'system', 'technical', 'support', 'software', 'test', 'growth', 'lead', 'junior', 'engineering']",https://remoteOK.com/remote-jobs/remote-saas-configuration-analyst-coderio-1130452,"['analyst', 'engineering', 'growth', 'junior', 'lead', 'saas', 'software', 'support', 'system', 'technical', 'test']",
remoteok,sales systems engineer,veeam software,"san jose, ca, usa","['dev', 'technical', 'leader', 'sales', 'go', 'engineer', 'digital nomad']",https://remoteOK.com/remote-jobs/remote-sales-systems-engineer-veeam-software-1130451,"['dev', 'digital nomad', 'engineer', 'go', 'leader', 'sales', 'technical']",
remoteok,,,remote,[],https://remoteOK.com/remote-jobs/remote-1130450,[],
remoteok,manager paid search,wpp media,dã¼sseldorf,"['manager', 'health', 'non tech']",https://remoteOK.com/remote-jobs/remote-manager-paid-search-wpp-media-1130449,"['health', 'manager', 'non tech']",
remoteok,engineering manager ml platform and infrastructure,applied intuition,sunnyvale,"['manager', 'lead', 'engineering']",https://remoteOK.com/remote-jobs/remote-engineering-manager-ml-platform-and-infrastructure-applied-intuition-1130448,"['engineering', 'lead', 'manager', 'ml']",
remoteok,sr director data engineering & analytics,arcadia,united states,"['director', 'leader', 'management', 'lead', 'analytics', 'engineering', 'educational']",https://remoteOK.com/remote-jobs/remote-sr-director-data-engineering-analytics-arcadia-1130447,"['analytics', 'director', 'educational', 'engineering', 'lead', 'leader', 'management']",
remoteok,cx specialist,too good to go,toronto,"['golang', 'health', 'educational', 'non tech']",https://remoteOK.com/remote-jobs/remote-cx-specialist-too-good-to-go-1130446,"['educational', 'golang', 'health', 'non tech']",
remoteok,real estate investor â expert ai trainer,mentis ai,remote,"['trainer', 'training', 'financial', 'investment', 'investor', 'finance', 'analytics', 'non tech']",https://remoteOK.com/remote-jobs/remote-real-estate-investor-expert-ai-trainer-mentis-ai-1130445,"['ai', 'analytics', 'finance', 'financial', 'investment', 'investor', 'non tech', 'trainer', 'training']",
remoteok,c++ developer,magic media,remote,"['developer', 'python', 'vfx', 'training', 'game', 'technical', 'support', 'programmer', 'software', 'growth', 'video', 'c++', 'content', 'go', 'engineering', 'full-time', 'digital nomad']",https://remoteOK.com/remote-jobs/remote-c-developer-magic-media-1130444,"['c++', 'content', 'developer', 'digital nomad', 'engineering', 'full-time', 'game', 'go', 'growth', 'programmer', 'python', 'software', 'support', 'technical', 'training', 'vfx', 'video']",
remoteok,technical lead devops,nearform,italy,"['technical', 'devops', 'lead', 'senior', 'engineering']",https://remoteOK.com/remote-jobs/remote-technical-lead-devops-nearform-1130443,"['devops', 'engineering', 'lead', 'senior', 'technical']",
remoteok,data & market insights associate,elemental terra,remote,"['other', 'crypto', 'finance', 'web3', 'bitcoin', 'education', 'blockchain', 'defi']",https://remoteOK.com/remote-jobs/remote-data-market-insights-associate-elemental-terra-1130442,"['bitcoin', 'blockchain', 'crypto', 'defi', 'education', 'finance', 'other', 'web3']",
remoteok,marketing operations manager,"chartbeat, inc.",remote,"['manager', 'strategy', 'lead', 'operations', 'marketing', 'analytics', 'non tech']",https://remoteOK.com/remote-jobs/remote-marketing-operations-manager-chartbeat-inc-1130441,"['analytics', 'lead', 'manager', 'marketing', 'non tech', 'operations', 'strategy']",
remoteok,2d game design intern,playpower labs,remote,"['design', 'game', 'ui', 'animation', 'content', 'educational', 'internship', 'digital nomad']",https://remoteOK.com/remote-jobs/remote-2d-game-design-intern-playpower-labs-1130440,"['animation', 'content', 'design', 'digital nomad', 'educational', 'game', 'internship', 'ui']",
remoteok,senior security engineer,you.com,san francisco,"['security', 'software', 'senior', 'engineer', 'engineering']",https://remoteOK.com/remote-jobs/remote-senior-security-engineer-you-com-1130439,"['engineer', 'engineering', 'security', 'senior', 'software']",
remoteok,qa engineer,mex digital fze,dubai,"['cryptocurrency', 'technical', 'developer', 'testing', 'test', 'growth', 'qa', 'financial', 'fintech', 'api', 'reliability', 'engineer', 'digital nomad']",https://remoteOK.com/remote-jobs/remote-qa-engineer-mex-digital-fze-1130438,"['api', 'cryptocurrency', 'developer', 'digital nomad', 'engineer', 'financial', 'fintech', 'growth', 'qa', 'reliability', 'technical', 'test', 'testing']",
remoteok,mobile growth manager performance marketing + ua,phiture gmbh,spain,"['growth', 'manager', 'consultancy', 'test', 'mobile', 'marketing', 'analytics']",https://remoteOK.com/remote-jobs/remote-mobile-growth-manager-performance-marketing-ua-phiture-gmbh-1130437,"['analytics', 'consultancy', 'growth', 'manager', 'marketing', 'mobile', 'test']",
remoteok,devops engineer,infstones,texas,"['amazon', 'web3', 'system', 'security', 'support', 'software', 'testing', 'test', 'code', 'qa', 'devops', 'serverless', 'cloud', 'git', 'node', 'administrator', 'management', 'reliability', 'engineer', 'linux', 'full-time']",https://remoteOK.com/remote-jobs/remote-devops-engineer-infstones-1130436,"['administrator', 'amazon', 'cloud', 'code', 'devops', 'engineer', 'full-time', 'git', 'linux', 'management', 'node', 'qa', 'reliability', 'security', 'serverless', 'software', 'support', 'system', 'test', 'testing', 'web3']",
remoteok,job 27573 mid data developer brasil,ci&amp;t,brazil,"['developer', 'cloud', 'digital nomad']",https://remoteOK.com/remote-jobs/remote-job-27573-mid-data-developer-brasil-ciampt-1130435,"['cloud', 'developer', 'digital nomad']",
remoteok,job 27611 midsenior data developer brasil,ci&amp;t,brazil,"['developer', 'design', 'unity', 'digital nomad']",https://remoteOK.com/remote-jobs/remote-job-27611-midsenior-data-developer-brasil-ciampt-1130434,"['design', 'developer', 'digital nomad', 'unity']",
remoteok,job 27602 mid level developer nodejs brazil,ci&amp;t,brazil,"['developer', 'javascript', 'nodejs', 'cloud', 'api', 'digital nomad']",https://remoteOK.com/remote-jobs/remote-job-27602-mid-level-developer-nodejs-brazil-ciampt-1130433,"['api', 'cloud', 'developer', 'digital nomad', 'javascript', 'nodejs']",
remoteok,spã©cialiste en acquisition de talents pipeline & sourcing,workleap,canada,"['microsoft', 'leader']",https://remoteOK.com/remote-jobs/remote-specialiste-en-acquisition-de-talents-pipeline-sourcing-workleap-1130432,"['leader', 'microsoft']",
remoteok,social commerce strategist,power digital,canada,"['consulting', 'strategist', 'growth', 'investment', 'content', 'marketing']",https://remoteOK.com/remote-jobs/remote-social-commerce-strategist-power-digital-1130431,"['consulting', 'content', 'growth', 'investment', 'marketing', 'strategist']",
remoteok,mid level devops engineer ci cd optimization,ubiminds,remote,"['design', 'hr', 'system', 'security', 'docker', 'recruiter', 'support', 'developer', 'software', 'growth', 'code', 'devops', 'management', 'reliability', 'engineer', 'engineering', 'full-time', 'digital nomad']",https://remoteOK.com/remote-jobs/remote-mid-level-devops-engineer-ci-cd-optimization-ubiminds-1130430,"['code', 'design', 'developer', 'devops', 'digital nomad', 'docker', 'engineer', 'engineering', 'full-time', 'growth', 'hr', 'management', 'recruiter', 'reliability', 'security', 'software', 'support', 'system']",
remoteok,director asset protection nam retail,arc&#39;teryx,"north vancouver, bc (corporate)","['director', 'security', 'training', 'support', 'growth', 'financial', 'investment', 'leader', 'lead', 'operations', 'health', 'ecommerce']",https://remoteOK.com/remote-jobs/remote-director-asset-protection-nam-retail-arc39teryx-1130429,"['director', 'ecommerce', 'financial', 'growth', 'health', 'investment', 'lead', 'leader', 'operations', 'security', 'support', 'training']",
remoteok,hr project coordinator,xsolla,serbia,"['hr', 'game', 'coordinator', 'support', 'financial', 'video', 'operational', 'recruitment', 'non tech']",https://remoteOK.com/remote-jobs/remote-hr-project-coordinator-xsolla-1130428,"['coordinator', 'financial', 'game', 'hr', 'non tech', 'operational', 'recruitment', 'support', 'video']",
remoteok,senior account executive western europe,,germany,"['saas', 'game', 'finance', 'senior', 'sales', 'executive']",https://remoteOK.com/remote-jobs/remote-senior-account-executive-western-europe-1130427,"['executive', 'finance', 'game', 'saas', 'sales', 'senior']",
remoteok,engineering manager delivery,mechanical orchard,united kingdom (remote),"['manager', 'system', 'technical', 'support', 'software', 'growth', 'travel', 'operational', 'engineer', 'engineering']",https://remoteOK.com/remote-jobs/remote-engineering-manager-delivery-mechanical-orchard-1130426,"['engineer', 'engineering', 'growth', 'manager', 'operational', 'software', 'support', 'system', 'technical', 'travel']",
remoteok,senior marketing science strategist,power digital,brazil,"['consulting', 'strategist', 'testing', 'growth', 'investment', 'content', 'senior', 'marketing']",https://remoteOK.com/remote-jobs/remote-senior-marketing-science-strategist-power-digital-1130425,"['consulting', 'content', 'growth', 'investment', 'marketing', 'senior', 'strategist', 'testing']",
remoteok,director global consulting & system integrator partnerships,ada,remote,"['system', 'consulting', 'director', 'growth', 'management', 'lead']",https://remoteOK.com/remote-jobs/remote-director-global-consulting-system-integrator-partnerships-ada-1130424,"['consulting', 'director', 'growth', 'lead', 'management', 'system']",
remoteok,security specialist,workwize,remote,"['security', 'saas']",https://remoteOK.com/remote-jobs/remote-security-specialist-workwize-1130423,"['saas', 'security']",
remoteok,backend engineer,dv01,remote,"['saas', 'financial', 'investment', 'api', 'analytics', 'engineer', 'backend']",https://remoteOK.com/remote-jobs/remote-backend-engineer-dv01-1130422,"['analytics', 'api', 'backend', 'engineer', 'financial', 'investment', 'saas']",
remoteok,qa document control specialist,apogee therapeutics,remote,"['qa', 'engineering']",https://remoteOK.com/remote-jobs/remote-qa-document-control-specialist-apogee-therapeutics-1130421,"['engineering', 'qa']",
remoteok,workday enterprise project manager,compassx group,pst timezone,"['manager', 'hr', 'system', 'consulting', 'technical', 'testing', 'financial', 'strategy', 'management', 'lead', 'executive']",https://remoteOK.com/remote-jobs/remote-workday-enterprise-project-manager-compassx-group-1130420,"['consulting', 'executive', 'financial', 'hr', 'lead', 'management', 'manager', 'strategy', 'system', 'technical', 'testing']",
remoteok,coupa pay customer success manager 11184,"coupa software, inc.","los angeles, california, united states","['manager', 'consulting', 'technical', 'software', 'growth', 'financial', 'investment', 'finance', 'bank', 'strategy', 'management', 'lead', 'sales', 'recruitment']",https://remoteOK.com/remote-jobs/remote-coupa-pay-customer-success-manager-11184-coupa-software-inc-1130419,"['bank', 'consulting', 'finance', 'financial', 'growth', 'investment', 'lead', 'management', 'manager', 'recruitment', 'sales', 'software', 'strategy', 'technical']",
remoteok,research data scientist,swayable,remote,"['python', 'growth', 'director', 'strategy', 'content', 'executive']",https://remoteOK.com/remote-jobs/remote-research-data-scientist-swayable-1130418,"['content', 'director', 'executive', 'growth', 'python', 'strategy']",
remoteok,project coordinator,caylent,brazil,"['amazon', 'security', 'technical', 'coordinator', 'web', 'scrum', 'cloud', 'management', 'senior', 'engineering', 'recruitment']",https://remoteOK.com/remote-jobs/remote-project-coordinator-caylent-1130417,"['amazon', 'cloud', 'coordinator', 'engineering', 'management', 'recruitment', 'scrum', 'security', 'senior', 'technical', 'web']",
remoteok,regional account executive,oasis security,remote,"['infosec', 'system', 'security', 'management', 'sales', 'executive']",https://remoteOK.com/remote-jobs/remote-regional-account-executive-oasis-security-1130416,"['executive', 'infosec', 'management', 'sales', 'security', 'system']",
remoteok,senior software engineer data observability,datahub,palo alto,"['software', 'design', 'saas', 'system', 'architect', 'technical', 'cloud', 'lead', 'senior', 'operational', 'reliability', 'engineer', 'engineering', 'digital nomad']",https://remoteOK.com/remote-jobs/remote-senior-software-engineer-data-observability-datahub-1130415,"['architect', 'cloud', 'design', 'digital nomad', 'engineer', 'engineering', 'lead', 'operational', 'reliability', 'saas', 'senior', 'software', 'system', 'technical']",
remoteok,us client accounting advisor,cloud accountant staffing,remote,"['accounting', 'training', 'support', 'bookkeeping', 'financial', 'cloud', 'microsoft', 'operational', 'full-time', 'part-time']",https://remoteOK.com/remote-jobs/remote-us-client-accounting-advisor-cloud-accountant-staffing-1130414,"['accounting', 'bookkeeping', 'cloud', 'financial', 'full-time', 'microsoft', 'operational', 'part-time', 'support', 'training']",
remoteok,marketing specialist,vitable health,remote,"['content', 'operational', 'marketing', 'sales', 'medical', 'health', 'healthcare', 'non tech']",https://remoteOK.com/remote-jobs/remote-marketing-specialist-vitable-health-1130413,"['content', 'health', 'healthcare', 'marketing', 'medical', 'non tech', 'operational', 'sales']",
remoteok,enterprise customer success manager,ziprecruiter,remote,"['manager', 'ios', 'support', 'mobile', 'strategy', 'sales', 'recruiting', 'recruitment', 'non tech']",https://remoteOK.com/remote-jobs/remote-enterprise-customer-success-manager-ziprecruiter-1130412,"['ios', 'manager', 'mobile', 'non tech', 'recruiting', 'recruitment', 'sales', 'strategy', 'support']",
remoteok,portfolio manager,engineers gate,remote,"['manager', 'support', 'test', 'code', 'financial', 'investment', 'strategy', 'operational', 'engineering']",https://remoteOK.com/remote-jobs/remote-portfolio-manager-engineers-gate-1130411,"['code', 'engineering', 'financial', 'investment', 'manager', 'operational', 'strategy', 'support', 'test']",
remoteok,associate strategy analyst,blytheco,remote u.s.a.,"['analyst', 'ceo', 'software', 'leader', 'strategy']",https://remoteOK.com/remote-jobs/remote-associate-strategy-analyst-blytheco-1130410,"['analyst', 'ceo', 'leader', 'software', 'strategy']",
remoteok,business development representative,crowdriff,remote,"['saas', 'teach', 'consult', 'support', 'software', 'travel', 'marketing', 'sales', 'recruitment']",https://remoteOK.com/remote-jobs/remote-business-development-representative-crowdriff-1130409,"['consult', 'marketing', 'recruitment', 'saas', 'sales', 'software', 'support', 'teach', 'travel']",
remoteok,senior technical consultant charles river everywhere,formativgroup,remote,"['consultant', 'system', 'technical', 'support', 'management', 'senior', 'operations', 'operational']",https://remoteOK.com/remote-jobs/remote-senior-technical-consultant-charles-river-everywhere-formativgroup-1130408,"['consultant', 'management', 'operational', 'operations', 'senior', 'support', 'system', 'technical']",
remoteok,talent acquisition specialist early pipeline & sourcing,workleap,canada,"['hr', 'microsoft', 'recruitment']",https://remoteOK.com/remote-jobs/remote-talent-acquisition-specialist-early-pipeline-sourcing-workleap-1130407,"['hr', 'microsoft', 'recruitment']",
remoteok,sales development representative,unlimit,remote,"['crypto', 'support', 'financial', 'fintech', 'sales', 'go', 'recruiting']",https://remoteOK.com/remote-jobs/remote-sales-development-representative-unlimit-1130406,"['crypto', 'financial', 'fintech', 'go', 'recruiting', 'sales', 'support']",
remoteok,kip summer 2026 research assistant finance insurance &amp; trade policy r street institute,stand together,"washington, dc","['assistant', 'training', 'support', 'financial', 'finance', 'excel', 'internship', 'full-time', 'part-time', 'non tech']",https://remoteOK.com/remote-jobs/remote-kip-summer-2026-research-assistant-finance-insurance-amp-trade-policy-r-street-institute-stand-together-1130405,"['assistant', 'excel', 'finance', 'financial', 'full-time', 'internship', 'non tech', 'part-time', 'support', 'training']",
remoteok,senior content program strategist,pulley,remote,"['system', 'strategist', 'management', 'content', 'senior', 'marketing']",https://remoteOK.com/remote-jobs/remote-senior-content-program-strategist-pulley-1130404,"['content', 'management', 'marketing', 'senior', 'strategist', 'system']",
remoteok,software engineer,itd tech,arizona,"['software', 'design', 'python', 'training', 'support', 'engineer', 'digital nomad']",https://remoteOK.com/remote-jobs/remote-software-engineer-itd-tech-1130403,"['design', 'digital nomad', 'engineer', 'python', 'software', 'support', 'training']",
remoteok,senior manager digital strategy,monks,remote,"['manager', 'strategy', 'senior']",https://remoteOK.com/remote-jobs/remote-senior-manager-digital-strategy-monks-1130402,"['manager', 'senior', 'strategy']",
remoteok,payroll specialist lead germany,remote - referral board,remote,"['payroll', 'hr', 'software', 'management', 'lead', 'operations', 'excel']",https://remoteOK.com/remote-jobs/remote-payroll-specialist-lead-germany-remote-referral-board-1130401,"['excel', 'hr', 'lead', 'management', 'operations', 'payroll', 'software']",
remoteok,data entry clerk,sensor tower,seoul,"['manager', 'video', 'bank', 'operations', 'excel', 'recruitment', 'non tech']",https://remoteOK.com/remote-jobs/remote-data-entry-clerk-sensor-tower-1130400,"['bank', 'excel', 'manager', 'non tech', 'operations', 'recruitment', 'video']",
remoteok,product & application security engineer,veeam software,united states,"['security', 'dev', 'leader', 'senior', 'go', 'engineer', 'digital nomad']",https://remoteOK.com/remote-jobs/remote-product-application-security-engineer-veeam-software-1130399,"['dev', 'digital nomad', 'engineer', 'go', 'leader', 'security', 'senior']",
remoteok,personality & behavior tutor,xai,"palo alto, ca","['tutor', 'training', 'technical', 'support', 'software', 'excel', 'engineering']",https://remoteOK.com/remote-jobs/remote-personality-behavior-tutor-xai-1130398,"['engineering', 'excel', 'software', 'support', 'technical', 'training', 'tutor']",
remoteok,senior data engineer,exadel,"brazil, bulgaria, colombia, georgia, lithuania, poland, romania","['jira', 'salesforce', 'code', 'web', 'education', 'mobile', 'management', 'senior', 'operations', 'analytics', 'health', 'engineer', 'engineering']",https://remoteOK.com/remote-jobs/remote-senior-data-engineer-exadel-1130396,"['analytics', 'code', 'education', 'engineer', 'engineering', 'health', 'jira', 'management', 'mobile', 'operations', 'salesforce', 'senior', 'web']",
remoteok,automation sales manager,formic,"san francisco || sacramento, ca","['manager', 'support', 'growth', 'operational', 'sales', 'engineering']",https://remoteOK.com/remote-jobs/remote-automation-sales-manager-formic-1130395,"['engineering', 'growth', 'manager', 'operational', 'sales', 'support']",
remoteok,bilingual legal assistant,distro,buenos aires,"['assistant', 'legal', 'non tech']",https://remoteOK.com/remote-jobs/remote-bilingual-legal-assistant-distro-1130394,"['assistant', 'legal', 'non tech']",
remoteok,robotics field service engineer,formic,"boston, ma","['technical', 'support', 'robotics', 'operations', 'operational', 'engineer', 'engineering']",https://remoteOK.com/remote-jobs/remote-robotics-field-service-engineer-formic-1130393,"['engineer', 'engineering', 'operational', 'operations', 'robotics', 'support', 'technical']",
remoteok,senior lead product designer operations,monzo,cardiff london or  uk,"['design', 'designer', 'financial', 'education', 'bank', 'lead', 'senior', 'operations', 'engineering', 'digital nomad']",https://remoteOK.com/remote-jobs/remote-senior-lead-product-designer-operations-monzo-1130392,"['bank', 'design', 'designer', 'digital nomad', 'education', 'engineering', 'financial', 'lead', 'operations', 'senior']",
remoteok,data analyst,valtech,brazil,"['analyst', 'growth']",https://remoteOK.com/remote-jobs/remote-data-analyst-valtech-1130391,"['analyst', 'growth']",
remoteok,specialist business development and projects,stranger soccer,remote,"['support', 'travel', 'mobile', 'sales', 'executive']",https://remoteOK.com/remote-jobs/remote-specialist-business-development-and-projects-stranger-soccer-1130389,"['executive', 'mobile', 'sales', 'support', 'travel']",
remoteok,field marketing manager,cogent security,all,"['infosec', 'manager', 'security', 'exec', 'leader', 'strategy', 'management', 'marketing', 'sales', 'executive']",https://remoteOK.com/remote-jobs/remote-field-marketing-manager-cogent-security-1130388,"['exec', 'executive', 'infosec', 'leader', 'management', 'manager', 'marketing', 'sales', 'security', 'strategy']",
remoteok,manager paid social and digital acquisition,cogent security,all,"['infosec', 'manager', 'saas', 'security', 'testing', 'test', 'marketing']",https://remoteOK.com/remote-jobs/remote-manager-paid-social-and-digital-acquisition-cogent-security-1130387,"['infosec', 'manager', 'marketing', 'saas', 'security', 'test', 'testing']",
remoteok,regional lead civil engineer bridge & structures,bkf engineers,remote,"['design', 'consultant', 'consulting', 'technical', 'recruiter', 'support', 'code', 'travel', 'financial', 'lead', 'engineer', 'engineering', 'digital nomad']",https://remoteOK.com/remote-jobs/remote-regional-lead-civil-engineer-bridge-structures-bkf-engineers-1130386,"['code', 'consultant', 'consulting', 'design', 'digital nomad', 'engineer', 'engineering', 'financial', 'lead', 'recruiter', 'support', 'technical', 'travel']",
remoteok,senior manager payroll,compass surgical partners,remote,"['manager', 'payroll', 'hr', 'system', 'training', 'recruiter', 'support', 'testing', 'growth', 'education', 'management', 'lead', 'senior', 'operations', 'operational', 'excel', 'legal', 'health', 'healthcare']",https://remoteOK.com/remote-jobs/remote-senior-manager-payroll-compass-surgical-partners-1130385,"['education', 'excel', 'growth', 'health', 'healthcare', 'hr', 'lead', 'legal', 'management', 'manager', 'operational', 'operations', 'payroll', 'recruiter', 'senior', 'support', 'system', 'testing', 'training']",
remoteok,director of product marketing,cogent security,all,"['infosec', 'director', 'security', 'technical', 'web', 'content', 'marketing', 'sales']",https://remoteOK.com/remote-jobs/remote-director-of-product-marketing-cogent-security-1130384,"['content', 'director', 'infosec', 'marketing', 'sales', 'security', 'technical', 'web']",
remoteok,team lead,32co,india,"['design', 'designer', 'support', 'testing', 'growth', 'management', 'lead', 'operations', 'operational', 'health', 'healthcare', 'digital nomad']",https://remoteOK.com/remote-jobs/remote-team-lead-32co-1130383,"['design', 'designer', 'digital nomad', 'growth', 'health', 'healthcare', 'lead', 'management', 'operational', 'operations', 'support', 'testing']",
remoteok,revenue operations manager,easyllama,remote,"['manager', 'saas', 'hr', 'training', 'ceo', 'support', 'lead', 'operations', 'operational', 'sales', 'health', 'non tech']",https://remoteOK.com/remote-jobs/remote-revenue-operations-manager-easyllama-1130382,"['ceo', 'health', 'hr', 'lead', 'manager', 'non tech', 'operational', 'operations', 'saas', 'sales', 'support', 'training']",
remoteok,senior manager site reliability engineer,ping identity,usa,"['manager', 'saas', 'devops', 'cloud', 'senior', 'operations', 'operational', 'reliability', 'engineer']",https://remoteOK.com/remote-jobs/remote-senior-manager-site-reliability-engineer-ping-identity-1130380,"['cloud', 'devops', 'engineer', 'manager', 'operational', 'operations', 'reliability', 'saas', 'senior']",
remoteok,manager tax controversy,aprio,remote,"['manager', 'consulting', 'technical', 'support', 'growth', 'management', 'lead', 'full-time']",https://remoteOK.com/remote-jobs/remote-manager-tax-controversy-aprio-1130379,"['consulting', 'full-time', 'growth', 'lead', 'management', 'manager', 'support', 'technical']",
remoteok,content manager,nmi,"remote, us","['manager', 'embedded', 'technical', 'writer', 'support', 'fintech', 'strategy', 'lead', 'content', 'senior', 'marketing']",https://remoteOK.com/remote-jobs/remote-content-manager-nmi-1130378,"['content', 'embedded', 'fintech', 'lead', 'manager', 'marketing', 'senior', 'strategy', 'support', 'technical', 'writer']",
remoteok,associate director program management,"adverum biotechnologies, inc.","redwood city, ca","['director', 'design', 'support', 'qa', 'strategy', 'management', 'operations', 'operational', 'digital nomad']",https://remoteOK.com/remote-jobs/remote-associate-director-program-management-adverum-biotechnologies-inc-1130377,"['design', 'digital nomad', 'director', 'management', 'operational', 'operations', 'qa', 'strategy', 'support']",
remoteok,senior site reliability engineer,ping identity,usa,"['design', 'software', 'devops', 'cloud', 'senior', 'operations', 'reliability', 'engineer', 'digital nomad']",https://remoteOK.com/remote-jobs/remote-senior-site-reliability-engineer-ping-identity-1130376,"['cloud', 'design', 'devops', 'digital nomad', 'engineer', 'operations', 'reliability', 'senior', 'software']",
remoteok,regional sales manager,halter,victoria,"['manager', 'support', 'growth', 'leader', 'management', 'junior', 'operations', 'sales', 'health']",https://remoteOK.com/remote-jobs/remote-regional-sales-manager-halter-1130375,"['growth', 'health', 'junior', 'leader', 'management', 'manager', 'operations', 'sales', 'support']",
remoteok,associate director adobe target,bounteous,canada,"['director', 'design', 'security', 'training', 'consulting', 'consultancy', 'technical', 'support', 'testing', 'test', 'code', 'education', 'management', 'marketing', 'analytics', 'health', 'ecommerce', 'digital nomad']",https://remoteOK.com/remote-jobs/remote-associate-director-adobe-target-bounteous-1130374,"['analytics', 'code', 'consultancy', 'consulting', 'design', 'digital nomad', 'director', 'ecommerce', 'education', 'health', 'management', 'marketing', 'security', 'support', 'technical', 'test', 'testing', 'training']",
remoteok,enterprise account executive pacific nw,firemon,"usa, remote","['hr', 'system', 'security', 'technical', 'support', 'software', 'growth', 'banking', 'strategy', 'management', 'sales', 'executive']",https://remoteOK.com/remote-jobs/remote-enterprise-account-executive-pacific-nw-firemon-1130373,"['banking', 'executive', 'growth', 'hr', 'management', 'sales', 'security', 'software', 'strategy', 'support', 'system', 'technical']",
remoteok,full stack software engineer,cala health,sf bay area,"['software', 'frontend', 'full-stack', 'medical', 'engineer', 'engineering', 'backend', 'full-time']",https://remoteOK.com/remote-jobs/remote-full-stack-software-engineer-cala-health-1130372,"['backend', 'engineer', 'engineering', 'frontend', 'full-stack', 'full-time', 'medical', 'software']",
remoteok,director of field and partner marketing,minio,remote,"['director', 'design', 'architect', 'web', 'leader', 'strategy', 'lead', 'marketing', 'sales', 'digital nomad']",https://remoteOK.com/remote-jobs/remote-director-of-field-and-partner-marketing-minio-1130371,"['architect', 'design', 'digital nomad', 'director', 'lead', 'leader', 'marketing', 'sales', 'strategy', 'web']",
remoteok,director pbm product strategy and delivery,"affirmedrx, pbc",remote,"['director', 'strategy', 'health', 'non tech']",https://remoteOK.com/remote-jobs/remote-director-pbm-product-strategy-and-delivery-affirmedrx-pbc-1130370,"['director', 'health', 'non tech', 'strategy']",
remoteok,senior sales manager,diversified automation,"louisville, ky","['manager', 'software', 'growth', 'travel', 'microsoft', 'senior', 'sales']",https://remoteOK.com/remote-jobs/remote-senior-sales-manager-diversified-automation-1130369,"['growth', 'manager', 'microsoft', 'sales', 'senior', 'software', 'travel']",
remoteok,customer success technician,teleo,texas,"['technical', 'test', 'travel', 'robotics', 'senior', 'operations', 'engineering']",https://remoteOK.com/remote-jobs/remote-customer-success-technician-teleo-1130368,"['engineering', 'operations', 'robotics', 'senior', 'technical', 'test', 'travel']",
remoteok,senior sales engineer,ping identity,san francisco,"['technical', 'cloud', 'management', 'senior', 'sales', 'engineer']",https://remoteOK.com/remote-jobs/remote-senior-sales-engineer-ping-identity-1130367,"['cloud', 'engineer', 'management', 'sales', 'senior', 'technical']",
remoteok,senior software engineer angular .net,3pillar,canada,"['software', 'design', 'salesforce', 'architect', 'technical', 'growth', 'code', 'web', 'cloud', 'angular', 'api', 'management', 'lead', 'senior', 'junior', 'health', 'engineer', 'engineering', 'backend', 'digital nomad']",https://remoteOK.com/remote-jobs/remote-senior-software-engineer-angular-net-3pillar-1130366,"['angular', 'api', 'architect', 'backend', 'cloud', 'code', 'design', 'digital nomad', 'engineer', 'engineering', 'growth', 'health', 'junior', 'lead', 'management', 'salesforce', 'senior', 'software', 'technical', 'web']",
remoteok,real estate counsel,unison infrastructure,united states,"['support', 'education', 'investment', 'management', 'senior', 'operations', 'telecom', 'health', 'non tech']",https://remoteOK.com/remote-jobs/remote-real-estate-counsel-unison-infrastructure-1130364,"['education', 'health', 'investment', 'management', 'non tech', 'operations', 'senior', 'support', 'telecom']",
weworkremotely,dealer eprocess: regional sales executive (account manager),unknown,remote,[],https://weworkremotely.com/remote-jobs/dealer-eprocess-regional-sales-executive-account-manager-1,[],
weworkremotely,nutechs: fpga development engineer,unknown,remote,[],https://weworkremotely.com/remote-jobs/nutechs-fpga-development-engineer,[],
weworkremotely,aliqan technologies: commerce tools + node js + cloud,unknown,remote,[],https://weworkremotely.com/remote-jobs/aliqan-technologies-commerce-tools-node-js-cloud,['node'],
weworkremotely,eran group: senior back-end web developer,unknown,remote,[],https://weworkremotely.com/remote-jobs/eran-group-senior-back-end-web-developer,[],
weworkremotely,storetasker: senior shopify developer (remote + flexible),unknown,remote,[],https://weworkremotely.com/remote-jobs/storetasker-senior-shopify-developer-remote-flexible-3,[],
weworkremotely,"servicetitan: manager, web development",unknown,remote,[],https://weworkremotely.com/remote-jobs/servicetitan-manager-web-development,[],
weworkremotely,codekeeper: full stack developer (javascript),unknown,remote,[],https://weworkremotely.com/remote-jobs/codekeeper-full-stack-developer-javascript,['javascript'],
weworkremotely,anexia internetdienstleistungs: ai/ml engineer – llm systems (m/w/d),unknown,remote,[],https://weworkremotely.com/remote-jobs/anexia-internetdienstleistungs-ai-ml-engineer-llm-systems-m-w-d,"['ai', 'ml']",
weworkremotely,anexia internetdienstleistungs: data engineer (m/w/d),unknown,remote,[],https://weworkremotely.com/remote-jobs/anexia-internetdienstleistungs-data-engineer-m-w-d,[],
weworkremotely,jetbrains: jetbrains web developer advocate (developer advocacy),unknown,remote,[],https://weworkremotely.com/remote-jobs/jetbrains-jetbrains-web-developer-advocate-developer-advocacy,[],
weworkremotely,walter: senior software engineer,unknown,remote,[],https://weworkremotely.com/remote-jobs/walter-senior-software-engineer,[],
weworkremotely,madeo: web developer (contract),unknown,remote,[],https://weworkremotely.com/remote-jobs/madeo-web-developer-contract,[],
weworkremotely,slidespeak: ai software engineer,unknown,remote,[],https://weworkremotely.com/remote-jobs/slidespeak-ai-software-engineer,['ai'],
weworkremotely,mindrift: freelance senior python developer / functional test frameworks,unknown,remote,[],https://weworkremotely.com/remote-jobs/mindrift-freelance-senior-python-developer-functional-test-frameworks,['python'],
weworkremotely,"clerk: senior software engineer, growth",unknown,remote,[],https://weworkremotely.com/remote-jobs/clerk-senior-software-engineer-growth,[],
weworkremotely,hex technologies: web designer,unknown,remote,[],https://weworkremotely.com/remote-jobs/hex-technologies-web-designer,[],
weworkremotely,activate talent: head of web dev,unknown,remote,[],https://weworkremotely.com/remote-jobs/activate-talent-head-of-web-dev,[],
weworkremotely,jobgether: marketing web developer,unknown,remote,[],https://weworkremotely.com/remote-jobs/jobgether-marketing-web-developer,[],
weworkremotely,qinetiq us: full stack developer,unknown,remote,[],https://weworkremotely.com/remote-jobs/qinetiq-us-full-stack-developer,[],
weworkremotely,wevote: product marketing lead,unknown,remote,[],https://weworkremotely.com/remote-jobs/wevote-product-marketing-lead,[],
weworkremotely,oneil interactive: optimization specialist,unknown,remote,[],https://weworkremotely.com/remote-jobs/oneil-interactive-optimization-specialist,[],
weworkremotely,details: senior web application developer,unknown,remote,[],https://weworkremotely.com/remote-jobs/details-senior-web-application-developer,[],
weworkremotely,"comparis.ch: experienced full-stack software engineer (.net/react), 80–100% (f/m/x), fully remote",unknown,remote,[],https://weworkremotely.com/remote-jobs/comparis-ch-experienced-full-stack-software-engineer-net-react-80-100-f-m-x-fully-remote,['react'],
weworkremotely,onthegosystems: senior ruby on rails developer,unknown,remote,[],https://weworkremotely.com/remote-jobs/onthegosystems-senior-ruby-on-rails-developer,[],
weworkremotely,sticker mule: software engineer,unknown,remote,[],https://weworkremotely.com/remote-jobs/sticker-mule-software-engineer-2,[],
hackernews,legion health (yc) is hiring cracked swes for autonomous mental health,unknown,unknown,[],https://jobs.ashbyhq.com/legionhealth/ffdd2b52-eb21-489e-b124-3c0804231424,[],
hackernews,9 mothers (yc x26) is hiring,unknown,unknown,[],https://jobs.ashbyhq.com/9-mothers?utm_source=x8pZ4B3P3Q,[],
hackernews,"hyperbound (yc s23, series a) needs a engineer with something to prove",unknown,unknown,[],https://www.ycombinator.com/companies/hyperbound/jobs/UCvdGiu-a-full-stack-engineer-with-something-to-prove,[],
hackernews,metriport (yc s22) is hiring a security engineer to harden healthcare infra,unknown,unknown,[],https://www.ycombinator.com/companies/metriport/jobs/XC2AF8s-senior-security-engineer,[],
hackernews,activeloop (yc s18) is hiring back end engineer (go),unknown,unknown,[],https://app.dover.com/apply/Activeloop/72d0b3a7-7e86-46a8-9aff-b430ffe0b97f,['go'],
hackernews,"weave (yc w25) is hiring ml, design, and product engineers",unknown,unknown,[],https://jobs.ashbyhq.com/workweave,['ml'],
hackernews,flexport is hiring engineers in amsterdam,unknown,unknown,[],https://flexport.com/careers,[],
hackernews,"zep ai (building the context graph, yc w24) is hiring engineers",unknown,unknown,[],https://www.ycombinator.com/companies/zep-ai/jobs,['ai'],
hackernews,stardex (yc s21) is hiring,unknown,unknown,[],https://www.ycombinator.com/companies/stardex/jobs/lag1C1P-customer-success-engineer-ai-data-migration,[],
hackernews,structured ai (yc f25) is hiring,unknown,unknown,[],https://www.ycombinator.com/companies/structured-ai/jobs/q3cx77y-gtm-intern,['ai'],
hackernews,trata (yc w25) is hiring founding engineers (nyc),unknown,unknown,[],https://news.ycombinator.com/item?id=47049744,[],
hackernews,turing labs (yc w20) is hiring – founding gtm sales hacker,unknown,unknown,[],https://news.ycombinator.com/item?id=47040268,[],
hackernews,cogram (yc w22) – hiring former technical founders,unknown,unknown,[],https://www.ycombinator.com/companies/cogram/jobs/LDTrViN-ex-technical-founder-product-engineer,[],
hackernews,govdash (yc w22) is hiring senior engineers (product and search) in nyc,unknown,unknown,[],https://www.workatastartup.com/companies/govdash,[],
hackernews,asimov (yc w26) is hiring remote/worldwide,unknown,unknown,[],https://news.ycombinator.com/item?id=46999753,[],
hackernews,coloop (yc s21) is hiring ex technical founders in london,unknown,unknown,[],https://www.workatastartup.com/jobs/90016,[],
hackernews,toma (yc w24) is hiring founding engineers,unknown,unknown,[],https://www.ycombinator.com/companies/toma/jobs/oONUnCf-founding-engineer-ai-products,[],
hackernews,"maihem (yc w24): hiring senior robotics perception engineer (london, on-site)",unknown,unknown,[],https://jobs.ashbyhq.com/maihem/8da3fa8b-5544-45de-a99e-888021519758,[],
hackernews,"freshpaint (yc s19) is hiring a senior swe, data",unknown,unknown,[],https://www.freshpaint.io/about?ashby_jid=3a7926ba-cf51-4084-9196-4361a7e97761,[],
hackernews,"converge (yc s23) is hiring product engineers (nyc, in-person)",unknown,unknown,[],https://www.runconverge.com/careers/product-engineer,[],
hackernews,emerge career (yc s22) is hiring a product designer,unknown,unknown,[],https://www.ycombinator.com/companies/emerge-career/jobs/omqT34S-founding-product-designer,[],
hackernews,clearspace (yc w23) is hiring an applied researcher (ml),unknown,unknown,[],https://www.ycombinator.com/companies/clearspace/jobs/GOWiDwp-research-engineer-at-clearspace,['ml'],
hackernews,collectwise (yc f24) is hiring,unknown,unknown,[],https://www.ycombinator.com/companies/collectwise/jobs/ZunnO6k-ai-agent-engineer,[],
hackernews,insane growth goldbridge (yc f25) is hiring a forward deployed engineer,unknown,unknown,[],https://www.ycombinator.com/companies/goldbridge/jobs/78gGEHh-forward-deployed-engineer,[],
hackernews,"pangolin (yc s25) is hiring software engineers (open-source, full-stack)",unknown,unknown,[],https://docs.pangolin.net/careers/join-us,[],
hackernews,boldvoice (yc s21) is hiring fullstack and machine learning engineers,unknown,unknown,[],https://boldvoice.notion.site/careers-page?p=2e871a9bf729806c81f6e47f32e32622&pm=s,['machine learning'],
hackernews,photoroom (yc s20) is hiring a head of cross-platform (rust) in paris,unknown,unknown,[],https://jobs.ashbyhq.com/photoroom/dc994a7c-e104-46e1-81c3-b88d635398b9,['rust'],
hackernews,reflex (yc w23) senior software engineer infra,unknown,unknown,[],https://www.ycombinator.com/companies/reflex/jobs/Jcwrz7A-lead-software-engineer-infra,[],
hackernews,questom (yc f25) is hiring an engineer,unknown,unknown,[],https://www.ycombinator.com/companies/questom/jobs/UBebsyO-founding-engineer,[],
hackernews,kyber (yc w23) is hiring a staff engineer,unknown,unknown,[],https://www.ycombinator.com/companies/kyber/jobs/GPJkv5v-staff-engineer-tech-lead,[],
remoteok,senior account executive western europe,,germany,"['saas', 'game', 'finance', 'senior', 'sales', 'executive']",https://remoteOK.com/remote-jobs/remote-senior-account-executive-western-europe-1130427,"['executive', 'finance', 'game', 'saas', 'sales', 'senior']",2026-02-21 15:42:34
remoteok,senior account executive western europe,,germany,"['saas', 'game', 'finance', 'senior', 'sales', 'executive']",https://remoteOK.com/remote-jobs/remote-senior-account-executive-western-europe-1130427,"['executive', 'finance', 'game', 'saas', 'sales', 'senior']",2026-02-21 15:58:07
